date,truck_id,driver_id,origin,destination,miles,fuel_gallons,fuel_cost,revenue,load_weight,hours_driven,maintenance_cost
2024-01-01,TRUCK-007,DRIVER-026,Dallas,New York,245.0,35.44,137.1,668.53,32896,3.9,175.18
2024-01-01,TRUCK-012,DRIVER-028,Dallas,New York,302.2,49.08,177.52,667.57,24878,5.2,0.0
2024-01-02,TRUCK-007,DRIVER-015,New York,Phoenix,240.0,33.06,126.39,486.56,29113,5.6,0.0
2024-01-03,TRUCK-006,DRIVER-004,Phoenix,New York,332.3,61.71,197.79,626.26,27822,6.0,0.0
2024-01-03,TRUCK-013,DRIVER-028,Seattle,Atlanta,377.4,62.17,212.22,732.77,24782,7.2,0.0
2024-01-04,TRUCK-008,DRIVER-007,Seattle,Phoenix,403.1,55.64,196.97,863.35,20518,7.5,0.0
2024-01-05,TRUCK-005,DRIVER-005,Dallas,Atlanta,381.3,50.26,187.59,991.73,20331,6.1,0.0
2024-01-06,TRUCK-009,DRIVER-007,Atlanta,Denver,238.5,35.25,120.02,513.21,33971,3.9,0.0
2024-01-06,TRUCK-007,DRIVER-002,Houston,Seattle,447.8,73.58,261.07,928.89,24474,9.9,0.0
2024-01-07,TRUCK-020,DRIVER-025,Seattle,Denver,309.7,58.16,207.9,661.32,18253,6.9,0.0
2024-01-08,TRUCK-009,DRIVER-027,Miami,Phoenix,494.5,77.54,273.2,971.18,20285,7.2,0.0
2024-01-09,TRUCK-020,DRIVER-024,Atlanta,Atlanta,381.8,103.01,366.76,920.14,24678,6.5,21.16
2024-01-09,TRUCK-001,DRIVER-023,Denver,New York,242.5,32.5,124.63,545.06,21123,3.9,0.0
2024-01-10,TRUCK-005,DRIVER-001,Seattle,Miami,440.5,57.86,204.23,1003.03,28948,7.4,0.0
2024-01-11,TRUCK-004,DRIVER-020,Seattle,Atlanta,300.9,48.48,189.65,548.26,27140,9.9,0.0
2024-01-11,TRUCK-011,DRIVER-026,Seattle,Denver,221.7,35.51,140.39,403.27,16963,3.9,113.76
2024-01-12,TRUCK-005,DRIVER-016,Dallas,Denver,285.3,42.94,171.38,535.61,26252,4.9,0.0
2024-01-13,TRUCK-011,DRIVER-025,Chicago,Chicago,385.4,48.59,189.12,844.96,10603,8.2,0.0
2024-01-14,TRUCK-004,DRIVER-008,New York,Dallas,202.5,28.41,114.75,397.52,29110,2.7,22.92
2024-01-14,TRUCK-014,DRIVER-027,Chicago,Los Angeles,331.6,50.64,201.44,742.63,38672,5.9,0.0
2024-01-15,TRUCK-005,DRIVER-017,Los Angeles,Miami,299.5,57.13,235.36,715.54,24379,4.8,0.0
2024-01-16,TRUCK-003,DRIVER-018,Seattle,Houston,205.0,34.05,126.73,335.83,25866,3.5,0.0
2024-01-17,TRUCK-018,DRIVER-001,Seattle,Miami,305.8,54.75,210.22,748.12,18112,6.7,0.0
2024-01-17,TRUCK-003,DRIVER-008,Dallas,New York,365.7,68.34,236.04,886.13,25342,7.2,0.0
2024-01-18,TRUCK-019,DRIVER-022,Atlanta,Denver,531.5,173.9,681.95,895.81,15042,9.0,0.0
2024-01-19,TRUCK-012,DRIVER-030,Dallas,New York,295.2,42.7,155.93,709.54,24464,5.9,0.0
2024-01-20,TRUCK-005,DRIVER-022,Seattle,Phoenix,478.1,80.25,269.86,1018.37,25919,7.9,0.0
2024-01-20,TRUCK-005,DRIVER-005,Miami,Seattle,167.3,20.98,74.84,301.51,21600,3.2,18.66
2024-01-21,TRUCK-020,DRIVER-005,New York,Houston,369.9,73.54,266.93,561.22,32715,5.4,23.47
2024-01-22,TRUCK-019,DRIVER-024,New York,Chicago,416.3,91.33,320.09,1004.05,25349,8.1,0.0
2024-01-22,TRUCK-012,DRIVER-005,Dallas,Atlanta,458.6,83.23,356.52,718.52,26405,9.4,19.21
2024-01-23,TRUCK-010,DRIVER-029,Phoenix,Denver,237.8,38.25,152.56,655.88,27243,4.4,0.0
2024-01-24,TRUCK-005,DRIVER-018,Atlanta,New York,374.7,53.62,200.8,858.53,30218,6.5,0.0
2024-01-25,TRUCK-012,DRIVER-017,Atlanta,Denver,455.3,74.05,270.13,1066.08,22384,7.1,0.0
2024-01-25,TRUCK-017,DRIVER-020,Dallas,Houston,258.9,35.52,134.13,606.71,20909,3.4,0.0
2024-01-26,TRUCK-020,DRIVER-013,Los Angeles,Houston,415.8,80.22,313.34,1027.02,34068,7.0,0.0
2024-01-27,TRUCK-009,DRIVER-018,Houston,Chicago,361.4,47.64,173.48,838.89,30772,7.2,0.0
2024-01-28,TRUCK-013,DRIVER-026,Dallas,New York,233.6,30.78,99.76,653.9,17068,4.6,0.0
2024-01-28,TRUCK-020,DRIVER-028,Atlanta,Seattle,427.1,82.67,320.18,974.29,23284,7.2,0.0
2024-01-29,TRUCK-012,DRIVER-021,Los Angeles,Denver,304.6,44.71,164.69,674.19,27368,5.5,0.0
2024-01-30,TRUCK-009,DRIVER-011,Houston,Phoenix,229.8,40.13,164.92,460.65,20622,4.4,0.0
2024-01-30,TRUCK-004,DRIVER-009,Denver,Miami,87.6,14.41,51.31,201.74,33639,2.2,0.0
2024-01-31,TRUCK-013,DRIVER-015,Atlanta,Los Angeles,168.0,21.09,85.3,350.36,21921,2.4,0.0
2024-02-01,TRUCK-017,DRIVER-016,New York,Miami,288.5,38.52,129.11,588.7,26712,3.9,0.0
2024-02-02,TRUCK-003,DRIVER-014,Atlanta,Dallas,451.6,66.91,245.67,763.38,20639,9.4,0.0
2024-02-02,TRUCK-008,DRIVER-002,Miami,Miami,146.6,19.49,74.7,291.42,22410,2.3,0.0
2024-02-03,TRUCK-012,DRIVER-015,New York,Los Angeles,402.7,60.71,212.16,868.06,32445,6.3,0.0
2024-02-04,TRUCK-006,DRIVER-015,Dallas,Chicago,320.3,48.98,203.4,863.53,26001,9.6,0.0
2024-02-05,TRUCK-010,DRIVER-021,Chicago,Dallas,129.7,20.09,77.25,290.26,14126,1.7,0.0
2024-02-05,TRUCK-011,DRIVER-003,Dallas,Chicago,336.7,58.57,212.11,632.68,18172,5.6,0.0
2024-02-06,TRUCK-018,DRIVER-002,Atlanta,Houston,218.5,36.09,122.4,476.87,24490,3.9,0.0
2024-02-07,TRUCK-015,DRIVER-015,Phoenix,Miami,177.4,27.15,103.03,401.35,28844,3.8,0.0
2024-02-08,TRUCK-002,DRIVER-015,Chicago,Houston,385.1,54.94,206.43,997.13,19151,10.0,0.0
2024-02-08,TRUCK-005,DRIVER-013,Denver,Seattle,326.0,59.63,200.34,757.07,30277,5.3,0.0
2024-02-09,TRUCK-015,DRIVER-012,Dallas,Houston,456.3,65.7,280.63,1248.76,20622,11.1,0.0
2024-02-10,TRUCK-002,DRIVER-021,Miami,Los Angeles,298.9,46.05,178.42,652.15,22709,6.1,0.0
2024-02-10,TRUCK-011,DRIVER-006,Dallas,Seattle,317.4,43.92,164.61,764.29,26430,4.4,0.0
2024-02-11,TRUCK-013,DRIVER-001,Denver,Atlanta,233.7,33.6,119.59,378.26,34235,4.1,0.0
2024-02-12,TRUCK-006,DRIVER-001,Miami,Chicago,186.1,27.72,123.22,313.77,35335,5.2,0.0
2024-02-13,TRUCK-002,DRIVER-017,Seattle,Phoenix,400.6,54.59,216.13,743.01,31442,6.7,0.0
2024-02-13,TRUCK-005,DRIVER-022,Phoenix,Seattle,337.1,56.03,211.32,740.14,28814,5.5,0.0
2024-02-14,TRUCK-005,DRIVER-013,Houston,Seattle,354.3,48.36,154.64,842.03,22496,4.8,0.0
2024-02-15,TRUCK-019,DRIVER-017,Atlanta,New York,370.8,58.7,249.45,629.3,21264,6.7,0.0
2024-02-16,TRUCK-007,DRIVER-029,Atlanta,Denver,152.1,20.52,78.68,320.2,27398,2.1,0.0
2024-02-16,TRUCK-001,DRIVER-002,Houston,Los Angeles,397.0,47.39,173.56,834.17,23262,6.3,0.0
2024-02-17,TRUCK-015,DRIVER-012,Chicago,Dallas,428.7,69.77,254.19,881.65,27067,5.8,0.0
2024-02-18,TRUCK-005,DRIVER-011,Houston,Phoenix,182.2,30.6,101.89,371.41,37229,3.2,102.83
2024-02-19,TRUCK-012,DRIVER-019,Phoenix,Seattle,420.5,59.75,214.64,919.12,24549,6.7,0.0
2024-02-19,TRUCK-014,DRIVER-019,Phoenix,Los Angeles,341.9,55.24,190.11,637.69,31986,7.1,0.0
2024-02-20,TRUCK-009,DRIVER-027,Atlanta,Dallas,279.0,48.59,163.31,355.83,27358,7.0,0.0
2024-02-21,TRUCK-001,DRIVER-020,Seattle,Atlanta,408.0,64.52,225.55,991.89,30537,7.2,0.0
2024-02-21,TRUCK-008,DRIVER-027,Phoenix,Dallas,557.3,85.12,319.51,1249.3,22760,16.5,0.0
2024-02-22,TRUCK-016,DRIVER-002,Miami,Atlanta,228.7,34.73,128.03,635.0,31230,6.7,0.0
2024-02-23,TRUCK-001,DRIVER-019,Chicago,Atlanta,243.2,31.91,113.04,625.72,29678,3.6,12.55
2024-02-24,TRUCK-008,DRIVER-015,Phoenix,Chicago,309.9,48.45,187.75,582.99,31249,5.2,0.0
2024-02-24,TRUCK-020,DRIVER-007,Houston,New York,191.9,38.05,148.34,410.97,28444,3.2,0.0
2024-02-25,TRUCK-019,DRIVER-002,Dallas,New York,133.0,22.31,76.75,261.29,30926,2.8,0.0
2024-02-26,TRUCK-012,DRIVER-023,Atlanta,Chicago,264.5,39.44,150.71,598.69,35776,4.3,0.0
2024-02-27,TRUCK-011,DRIVER-005,Miami,Chicago,195.6,30.93,118.29,482.61,31734,3.5,0.0
2024-02-27,TRUCK-002,DRIVER-010,Miami,Los Angeles,500.6,59.77,217.14,1218.57,20506,10.9,0.0
2024-02-28,TRUCK-002,DRIVER-026,Chicago,Miami,466.5,54.18,178.23,840.79,23260,8.2,0.0
2024-02-29,TRUCK-011,DRIVER-003,Miami,Chicago,207.7,38.33,134.37,543.86,27599,3.9,0.0
2024-02-29,TRUCK-001,DRIVER-017,Chicago,Seattle,329.8,51.33,196.13,709.61,23239,5.7,65.13
2024-03-01,TRUCK-011,DRIVER-017,Atlanta,Houston,205.5,24.64,98.46,419.68,26088,2.8,158.71
2024-03-02,TRUCK-019,DRIVER-006,Phoenix,Seattle,381.7,75.65,308.03,1000.65,26335,6.1,0.0
2024-03-03,TRUCK-009,DRIVER-026,New York,Los Angeles,343.0,51.45,196.42,618.41,20904,5.6,0.0
2024-03-03,TRUCK-018,DRIVER-024,Dallas,Chicago,435.7,100.61,411.21,1178.07,25398,6.7,0.0
2024-03-04,TRUCK-012,DRIVER-013,Chicago,Atlanta,433.4,64.16,273.38,1048.71,26335,6.8,0.0
2024-03-05,TRUCK-003,DRIVER-021,Seattle,Phoenix,308.2,41.92,151.79,845.55,21611,7.7,20.5
2024-03-06,TRUCK-020,DRIVER-030,Chicago,Denver,212.7,41.03,150.78,418.74,28336,3.0,0.0
2024-03-06,TRUCK-014,DRIVER-007,Phoenix,Phoenix,204.7,32.59,126.8,350.7,36549,4.2,0.0
2024-03-07,TRUCK-020,DRIVER-019,Houston,Chicago,285.1,70.87,257.33,701.03,22921,5.3,0.0
2024-03-08,TRUCK-006,DRIVER-020,Houston,Atlanta,351.5,47.15,177.95,606.4,23133,8.1,0.0
2024-03-09,TRUCK-017,DRIVER-015,Seattle,Seattle,334.4,53.94,192.77,669.97,13772,7.2,0.0
2024-03-09,TRUCK-009,DRIVER-002,Phoenix,Miami,293.1,46.16,174.54,683.03,29421,6.4,0.0
2024-03-10,TRUCK-006,DRIVER-008,Atlanta,Miami,390.7,59.85,252.35,991.4,30508,7.0,0.0
2024-03-11,TRUCK-016,DRIVER-027,Miami,New York,382.0,55.32,222.21,1015.96,30201,7.1,85.73
2024-03-11,TRUCK-007,DRIVER-007,Chicago,Atlanta,336.9,54.46,204.63,908.69,20044,6.0,0.0
2024-03-12,TRUCK-013,DRIVER-002,Los Angeles,Miami,269.2,40.33,153.76,754.39,25878,4.6,17.9
2024-03-13,TRUCK-017,DRIVER-024,Chicago,Chicago,375.2,51.53,184.27,838.72,35102,7.9,0.0
2024-03-14,TRUCK-012,DRIVER-026,Chicago,Chicago,286.9,58.89,231.61,753.97,18851,5.4,0.0
2024-03-14,TRUCK-011,DRIVER-021,Los Angeles,Denver,412.2,54.61,201.73,761.95,17372,8.6,0.0
2024-03-15,TRUCK-001,DRIVER-017,Seattle,Phoenix,416.3,59.0,209.75,1030.07,29753,8.1,0.0
2024-03-16,TRUCK-008,DRIVER-007,Dallas,Los Angeles,258.1,42.21,175.46,356.59,24192,6.2,45.61
2024-03-17,TRUCK-012,DRIVER-022,Miami,Los Angeles,336.6,64.27,231.8,702.54,29203,6.9,0.0
2024-03-17,TRUCK-013,DRIVER-015,Miami,Seattle,288.1,51.84,182.25,811.46,26861,4.8,32.75
2024-03-18,TRUCK-009,DRIVER-010,Phoenix,Chicago,299.6,53.76,221.82,766.2,26042,8.7,21.59
2024-03-19,TRUCK-001,DRIVER-015,Chicago,Houston,252.9,29.2,114.12,482.37,31997,3.9,137.61
2024-03-19,TRUCK-007,DRIVER-015,New York,Denver,146.6,20.4,82.94,358.61,35779,2.2,0.0
2024-03-20,TRUCK-003,DRIVER-025,Dallas,Houston,468.6,76.42,319.65,1230.58,23233,13.5,0.0
2024-03-21,TRUCK-019,DRIVER-028,Houston,Dallas,168.9,30.66,111.21,562.86,22489,3.0,14.9
2024-03-22,TRUCK-012,DRIVER-030,Denver,Phoenix,413.1,65.78,269.45,1039.06,29761,4.9,0.0
2024-03-22,TRUCK-002,DRIVER-010,Dallas,Dallas,407.9,52.5,194.6,1043.85,20559,9.9,0.0
2024-03-23,TRUCK-018,DRIVER-016,New York,Houston,437.7,61.46,236.64,879.75,26619,8.4,0.0
2024-03-24,TRUCK-015,DRIVER-017,Seattle,Seattle,454.2,57.18,204.63,1065.81,30235,8.7,44.39
2024-03-25,TRUCK-012,DRIVER-030,Seattle,Atlanta,144.4,22.99,74.16,337.77,35949,3.4,0.0
2024-03-25,TRUCK-020,DRIVER-017,Atlanta,Phoenix,440.5,134.88,522.78,658.98,26813,6.5,0.0
2024-03-26,TRUCK-012,DRIVER-005,Los Angeles,Los Angeles,248.4,38.0,130.75,613.5,25955,5.4,0.0
2024-03-27,TRUCK-020,DRIVER-018,New York,Miami,391.6,81.13,324.48,484.18,30541,8.8,0.0
2024-03-28,TRUCK-008,DRIVER-002,Atlanta,New York,237.6,29.59,109.54,552.74,24742,4.2,14.0
2024-03-28,TRUCK-008,DRIVER-004,Atlanta,Atlanta,337.3,48.85,185.61,728.36,28194,7.7,0.0
2024-03-29,TRUCK-005,DRIVER-009,Atlanta,Seattle,114.9,15.84,60.75,213.83,23690,2.3,0.0
2024-03-30,TRUCK-002,DRIVER-018,Seattle,New York,131.5,18.65,74.81,322.16,31449,2.5,0.0
2024-03-30,TRUCK-007,DRIVER-025,Atlanta,Atlanta,172.2,33.21,117.19,481.02,14244,2.4,44.22
2024-03-31,TRUCK-008,DRIVER-026,Phoenix,Chicago,409.0,52.93,168.71,822.41,22729,7.5,0.0
2024-04-01,TRUCK-012,DRIVER-011,New York,Miami,309.0,55.62,206.49,518.44,29275,4.8,0.0
2024-04-02,TRUCK-011,DRIVER-002,Denver,Los Angeles,274.7,40.32,149.3,671.33,20057,6.2,0.0
2024-04-02,TRUCK-003,DRIVER-013,Denver,Houston,217.1,32.74,116.92,606.93,24329,4.1,0.0
2024-04-03,TRUCK-010,DRIVER-029,Houston,Phoenix,246.0,35.59,141.91,496.43,24902,4.1,0.0
2024-04-04,TRUCK-001,DRIVER-028,Seattle,Houston,347.7,58.16,221.69,1056.2,27498,8.3,0.0
2024-04-05,TRUCK-010,DRIVER-018,Phoenix,Dallas,272.5,38.37,151.05,546.22,27178,4.3,0.0
2024-04-05,TRUCK-019,DRIVER-003,Chicago,Atlanta,216.5,34.55,119.29,510.52,24074,4.0,51.36
2024-04-06,TRUCK-007,DRIVER-030,Seattle,Chicago,146.3,21.79,89.66,242.89,28335,3.7,0.0
2024-04-07,TRUCK-010,DRIVER-007,Denver,Phoenix,467.8,77.23,300.58,1319.08,30654,6.5,0.0
2024-04-08,TRUCK-001,DRIVER-002,Los Angeles,Los Angeles,235.1,34.46,129.53,465.56,28156,6.0,0.0
2024-04-08,TRUCK-012,DRIVER-002,New York,Denver,182.7,33.15,130.06,535.66,25482,3.8,0.0
2024-04-09,TRUCK-013,DRIVER-030,Seattle,New York,431.1,61.1,224.15,790.5,21322,6.4,0.0
2024-04-10,TRUCK-020,DRIVER-030,Los Angeles,Denver,66.4,16.01,57.02,167.85,21254,1.2,0.0
2024-04-10,TRUCK-001,DRIVER-013,Chicago,Seattle,315.5,32.29,118.73,664.93,15819,5.3,0.0
2024-04-11,TRUCK-004,DRIVER-012,Atlanta,Houston,336.5,44.15,143.57,900.7,35960,5.4,0.0
2024-04-12,TRUCK-010,DRIVER-009,Los Angeles,Dallas,326.7,48.35,173.25,848.61,27683,7.1,0.0
2024-04-13,TRUCK-020,DRIVER-001,Denver,Atlanta,371.2,79.9,285.2,1176.87,31951,6.1,0.0
2024-04-13,TRUCK-003,DRIVER-015,Denver,Denver,220.0,32.45,129.4,234.14,20303,4.1,0.0
2024-04-14,TRUCK-011,DRIVER-002,Chicago,Phoenix,453.1,60.61,224.06,1255.81,22008,12.1,0.0
2024-04-15,TRUCK-009,DRIVER-001,Denver,Denver,229.1,31.89,123.96,441.49,17329,3.6,0.0
2024-04-16,TRUCK-006,DRIVER-029,Dallas,New York,195.6,30.89,114.83,507.84,15280,2.4,0.0
2024-04-16,TRUCK-005,DRIVER-015,Los Angeles,Houston,297.0,46.7,170.54,666.7,20033,4.9,0.0
2024-04-17,TRUCK-013,DRIVER-021,Denver,New York,298.5,42.86,162.02,569.9,23052,4.9,0.0
2024-04-18,TRUCK-003,DRIVER-013,Atlanta,Seattle,162.8,31.25,128.7,354.39,26457,3.4,0.0
2024-04-18,TRUCK-002,DRIVER-011,New York,Chicago,140.1,18.74,69.87,360.37,20256,4.2,0.0
2024-04-19,TRUCK-017,DRIVER-001,New York,Los Angeles,303.2,51.41,198.71,610.28,28965,4.5,0.0
2024-04-20,TRUCK-003,DRIVER-015,Dallas,New York,219.8,29.15,102.16,392.31,21946,3.3,0.0
2024-04-21,TRUCK-005,DRIVER-025,Seattle,Chicago,418.6,59.16,236.58,830.91,20693,9.1,160.73
2024-04-21,TRUCK-018,DRIVER-013,Los Angeles,Chicago,221.9,35.77,125.1,494.05,23175,4.8,0.0
2024-04-22,TRUCK-009,DRIVER-022,Denver,Denver,195.5,39.68,169.21,364.42,23894,3.7,0.0
2024-04-23,TRUCK-003,DRIVER-015,Chicago,Los Angeles,178.8,24.13,88.37,436.57,23757,2.5,0.0
2024-04-24,TRUCK-008,DRIVER-022,Seattle,Miami,170.6,25.52,94.75,362.18,33649,2.9,0.0
2024-04-24,TRUCK-015,DRIVER-005,Atlanta,Phoenix,180.4,27.89,97.79,293.96,20706,3.1,0.0
2024-04-25,TRUCK-007,DRIVER-026,Phoenix,Atlanta,400.2,60.05,207.29,867.82,27696,6.9,0.0
2024-04-26,TRUCK-003,DRIVER-014,New York,Chicago,428.8,69.59,265.5,754.61,30983,8.8,0.0
2024-04-27,TRUCK-010,DRIVER-011,Dallas,New York,221.5,31.56,117.4,530.92,26158,10.3,0.0
2024-04-27,TRUCK-015,DRIVER-005,Miami,Los Angeles,472.7,76.48,291.11,1217.86,22919,10.9,0.0
2024-04-28,TRUCK-007,DRIVER-023,Denver,Denver,521.4,83.25,314.83,1047.66,24900,10.8,0.0
2024-04-29,TRUCK-019,DRIVER-022,Phoenix,Houston,377.8,91.95,326.01,849.68,29739,6.1,0.0
2024-04-29,TRUCK-016,DRIVER-020,Atlanta,Seattle,209.5,33.49,118.23,528.87,25949,3.4,0.0
2024-04-30,TRUCK-004,DRIVER-026,Los Angeles,Seattle,167.2,25.78,102.14,427.52,26781,3.0,0.0
2024-05-01,TRUCK-011,DRIVER-010,Dallas,Houston,314.1,61.76,236.61,690.47,27568,6.3,0.0
2024-05-02,TRUCK-005,DRIVER-004,Miami,Seattle,390.9,51.15,193.1,899.54,26774,8.9,0.0
2024-05-02,TRUCK-020,DRIVER-003,New York,Phoenix,335.3,72.16,252.99,649.78,24667,5.8,0.0
2024-05-03,TRUCK-013,DRIVER-021,Denver,Chicago,228.2,37.34,149.84,675.9,16186,5.1,0.0
2024-05-04,TRUCK-018,DRIVER-024,Seattle,Los Angeles,335.1,42.68,172.43,709.83,19448,5.5,0.0
2024-05-05,TRUCK-019,DRIVER-022,New York,Atlanta,330.7,74.4,263.7,725.09,19921,5.9,0.0
2024-05-05,TRUCK-011,DRIVER-006,Chicago,Atlanta,317.6,51.18,181.34,724.28,19523,6.0,0.0
2024-05-06,TRUCK-002,DRIVER-006,Houston,Dallas,463.3,61.03,243.26,930.59,21770,9.9,0.0
2024-05-07,TRUCK-004,DRIVER-022,Denver,Seattle,312.3,40.04,153.37,675.02,32913,5.3,0.0
2024-05-08,TRUCK-002,DRIVER-020,Dallas,Miami,293.9,40.75,153.68,751.92,20983,8.7,0.0
2024-05-08,TRUCK-011,DRIVER-004,Los Angeles,Los Angeles,311.3,58.2,231.62,627.68,30248,7.6,0.0
2024-05-09,TRUCK-014,DRIVER-007,Dallas,Dallas,178.1,27.01,107.91,441.61,37718,3.1,22.6
2024-05-10,TRUCK-016,DRIVER-009,New York,Atlanta,280.0,50.28,179.31,650.07,26325,5.1,0.0
2024-05-10,TRUCK-013,DRIVER-030,Los Angeles,Dallas,339.0,57.63,208.88,829.01,26692,6.5,0.0
2024-05-11,TRUCK-018,DRIVER-024,Chicago,Miami,328.6,53.37,182.42,863.92,22508,5.1,0.0
2024-05-12,TRUCK-001,DRIVER-026,Seattle,New York,243.5,32.59,116.8,374.85,17408,3.6,0.0
2024-05-13,TRUCK-011,DRIVER-024,New York,Miami,252.3,35.87,131.68,508.03,22990,4.2,0.0
2024-05-13,TRUCK-003,DRIVER-003,Seattle,Los Angeles,312.6,38.83,135.91,629.27,32290,6.3,0.0
2024-05-14,TRUCK-017,DRIVER-001,Miami,New York,372.4,52.94,182.47,946.53,23103,8.5,0.0
2024-05-15,TRUCK-014,DRIVER-014,Denver,Atlanta,314.1,42.56,162.28,699.71,23891,5.3,0.0
2024-05-16,TRUCK-019,DRIVER-009,New York,Seattle,384.3,77.7,292.15,885.53,28297,7.5,0.0
2024-05-16,TRUCK-006,DRIVER-009,Denver,Denver,130.0,18.78,73.91,252.15,19009,3.1,0.0
2024-05-17,TRUCK-016,DRIVER-014,Chicago,Los Angeles,373.4,62.44,235.45,779.17,21331,6.7,0.0
2024-05-18,TRUCK-003,DRIVER-003,Atlanta,Chicago,472.2,73.41,265.85,1067.0,25948,7.3,0.0
2024-05-18,TRUCK-015,DRIVER-022,Phoenix,Los Angeles,188.0,29.31,102.69,392.08,31109,2.6,0.0
2024-05-19,TRUCK-004,DRIVER-003,Miami,Chicago,218.9,32.13,126.34,440.77,23962,5.8,0.0
2024-05-20,TRUCK-008,DRIVER-012,Miami,Houston,237.7,35.72,127.32,425.07,24024,4.1,0.0
2024-05-21,TRUCK-013,DRIVER-024,Atlanta,Miami,159.4,24.77,83.57,400.97,26490,2.8,0.0
2024-05-21,TRUCK-007,DRIVER-030,Seattle,Seattle,331.9,43.83,143.82,760.18,22096,5.2,0.0
2024-05-22,TRUCK-019,DRIVER-014,Atlanta,Phoenix,319.5,59.79,223.27,652.94,15984,8.2,0.0
2024-05-23,TRUCK-013,DRIVER-013,New York,Atlanta,141.9,19.66,71.36,326.52,33061,2.2,0.0
2024-05-24,TRUCK-001,DRIVER-020,Atlanta,Atlanta,84.8,11.74,43.41,161.54,16628,1.8,0.0
2024-05-24,TRUCK-002,DRIVER-010,Chicago,Dallas,422.6,48.44,195.88,694.44,26034,6.8,0.0
2024-05-25,TRUCK-020,DRIVER-030,Phoenix,Chicago,433.1,83.95,341.73,992.3,24834,8.2,0.0
2024-05-26,TRUCK-001,DRIVER-024,Seattle,Miami,281.4,39.16,145.15,486.87,27355,4.4,0.0
2024-05-27,TRUCK-003,DRIVER-012,Chicago,Dallas,308.1,52.61,200.75,806.6,35954,7.5,0.0
2024-05-27,TRUCK-008,DRIVER-002,Phoenix,Los Angeles,272.8,42.35,164.93,385.38,22979,4.8,0.0
2024-05-28,TRUCK-015,DRIVER-030,Atlanta,Atlanta,431.0,56.59,204.26,938.26,29824,6.1,0.0
2024-05-29,TRUCK-020,DRIVER-013,Denver,Houston,451.5,73.07,274.52,1081.87,19509,8.8,70.57
2024-05-29,TRUCK-015,DRIVER-028,Los Angeles,Dallas,190.4,29.42,107.28,499.73,26198,3.0,0.0
2024-05-30,TRUCK-017,DRIVER-013,Chicago,Miami,320.2,54.48,204.03,764.95,28282,6.4,0.0
2024-05-31,TRUCK-002,DRIVER-012,Los Angeles,New York,221.2,30.29,112.32,461.2,18792,3.9,0.0
2024-06-01,TRUCK-003,DRIVER-003,Chicago,Phoenix,332.4,53.5,209.07,671.89,30327,6.8,0.0
2024-06-01,TRUCK-007,DRIVER-019,Los Angeles,Chicago,253.5,39.51,174.28,436.97,26329,3.5,0.0
2024-06-02,TRUCK-011,DRIVER-026,Miami,Atlanta,232.1,35.39,129.5,682.23,25094,3.8,70.25
2024-06-03,TRUCK-006,DRIVER-024,New York,Seattle,122.7,16.34,57.57,247.99,31813,2.6,0.0
2024-06-04,TRUCK-018,DRIVER-003,Seattle,Phoenix,511.0,91.83,373.75,1218.13,24025,7.7,0.0
2024-06-04,TRUCK-008,DRIVER-016,Chicago,Miami,359.4,86.64,339.11,833.04,30621,5.6,0.0
2024-06-05,TRUCK-010,DRIVER-003,Phoenix,Seattle,442.6,58.65,212.19,1152.93,24381,8.6,0.0
2024-06-06,TRUCK-015,DRIVER-001,Denver,Dallas,342.1,56.79,222.85,911.41,21165,6.0,0.0
2024-06-06,TRUCK-014,DRIVER-013,Chicago,Dallas,396.2,70.77,302.72,1000.21,15532,6.9,34.72
2024-06-07,TRUCK-010,DRIVER-024,Chicago,New York,286.4,55.01,212.43,568.58,17037,6.0,0.0
2024-06-08,TRUCK-007,DRIVER-021,Dallas,Los Angeles,145.9,22.82,86.03,329.5,32406,2.9,0.0
2024-06-09,TRUCK-010,DRIVER-014,Chicago,Denver,480.1,64.08,243.67,997.51,19577,10.7,0.0
2024-06-09,TRUCK-004,DRIVER-014,Chicago,Chicago,339.2,55.68,208.44,553.24,27781,5.4,0.0
2024-06-10,TRUCK-017,DRIVER-023,Phoenix,Chicago,237.4,36.45,145.4,448.29,14633,4.7,0.0
2024-06-11,TRUCK-011,DRIVER-004,Denver,Chicago,283.1,42.76,171.78,655.66,24202,4.4,0.0
2024-06-12,TRUCK-016,DRIVER-025,Phoenix,New York,318.5,46.37,182.44,728.94,29827,4.7,0.0
2024-06-12,TRUCK-012,DRIVER-005,Houston,Atlanta,338.2,57.75,248.91,712.44,27040,6.3,0.0
2024-06-13,TRUCK-009,DRIVER-009,New York,Seattle,200.4,31.06,126.35,495.09,26100,4.8,0.0
2024-06-14,TRUCK-002,DRIVER-001,Denver,New York,362.2,52.58,210.83,805.39,17231,5.7,0.0
2024-06-15,TRUCK-007,DRIVER-001,Denver,Los Angeles,337.2,55.92,204.91,990.62,20608,8.3,5.91
2024-06-15,TRUCK-010,DRIVER-006,Phoenix,Chicago,207.4,31.52,109.66,523.94,23910,7.2,0.0
2024-06-16,TRUCK-017,DRIVER-026,Houston,Miami,274.5,40.05,156.35,652.95,23655,3.9,0.0
2024-06-17,TRUCK-017,DRIVER-002,Los Angeles,Miami,343.8,52.77,206.77,844.88,15561,7.2,0.0
2024-06-17,TRUCK-007,DRIVER-015,Dallas,Seattle,176.1,33.06,125.35,399.34,31310,3.1,0.0
2024-06-18,TRUCK-008,DRIVER-029,Chicago,Chicago,252.8,40.9,156.4,618.94,33357,4.7,0.0
2024-06-19,TRUCK-004,DRIVER-027,Houston,New York,353.7,54.07,199.99,715.37,26694,7.9,0.0
2024-06-20,TRUCK-013,DRIVER-001,Atlanta,Denver,390.3,59.61,230.06,737.32,31216,8.5,0.0
2024-06-20,TRUCK-009,DRIVER-009,Phoenix,Miami,411.5,55.67,208.69,1037.09,16555,8.6,0.0
2024-06-21,TRUCK-014,DRIVER-010,Dallas,Miami,281.0,45.22,167.53,767.26,17880,5.4,92.78
2024-06-22,TRUCK-016,DRIVER-009,Denver,Dallas,301.0,45.28,188.1,561.53,12047,5.5,0.0
2024-06-23,TRUCK-012,DRIVER-022,Chicago,Houston,257.6,49.48,176.7,593.81,20888,3.8,0.0
2024-06-23,TRUCK-011,DRIVER-008,Denver,Atlanta,342.6,52.58,188.75,829.32,32429,6.5,0.0
2024-06-24,TRUCK-018,DRIVER-010,Los Angeles,Phoenix,299.4,38.63,150.83,651.83,22550,5.0,0.0
2024-06-25,TRUCK-016,DRIVER-013,Houston,Denver,284.6,49.06,183.73,591.92,21210,7.2,0.0
2024-06-26,TRUCK-019,DRIVER-020,Los Angeles,Dallas,649.6,192.23,829.3,1391.68,24577,13.5,0.0
2024-06-26,TRUCK-017,DRIVER-004,Atlanta,Chicago,231.5,32.46,105.74,593.29,27436,3.8,0.0
2024-06-27,TRUCK-001,DRIVER-019,Los Angeles,Dallas,321.4,42.02,141.4,946.23,29631,6.4,0.0
2024-06-28,TRUCK-007,DRIVER-015,Chicago,Denver,281.1,38.84,144.41,781.12,21718,6.0,0.0
2024-06-28,TRUCK-016,DRIVER-003,Phoenix,Phoenix,263.4,38.42,144.18,658.01,21735,3.9,0.0
2024-06-29,TRUCK-002,DRIVER-005,Los Angeles,Seattle,310.9,35.98,129.77,518.25,21621,5.6,0.0
2024-06-30,TRUCK-007,DRIVER-004,Seattle,Los Angeles,399.5,62.72,252.54,772.01,27956,5.8,0.0
2024-07-01,TRUCK-005,DRIVER-027,Miami,Denver,386.4,55.48,201.67,715.77,32299,10.2,0.0
2024-07-01,TRUCK-010,DRIVER-011,Houston,Miami,217.0,31.36,120.88,594.58,28252,5.4,0.0
2024-07-02,TRUCK-005,DRIVER-009,Phoenix,Chicago,303.3,52.89,167.81,699.17,30410,4.7,0.0
2024-07-03,TRUCK-001,DRIVER-020,Denver,Los Angeles,258.2,30.19,110.43,539.45,27198,4.1,0.0
2024-07-04,TRUCK-015,DRIVER-004,Denver,Chicago,463.4,96.84,358.73,723.95,26280,9.0,0.0
2024-07-04,TRUCK-002,DRIVER-025,Atlanta,Atlanta,148.2,19.72,78.35,363.32,13336,2.2,0.0
2024-07-05,TRUCK-016,DRIVER-012,Houston,Seattle,276.2,41.13,156.75,755.52,22606,6.0,0.0
2024-07-06,TRUCK-019,DRIVER-018,New York,Dallas,221.8,48.72,187.9,484.82,18273,3.6,0.0
2024-07-06,TRUCK-001,DRIVER-017,Miami,Atlanta,122.4,15.06,52.59,217.41,30045,2.3,0.0
2024-07-07,TRUCK-001,DRIVER-002,New York,Denver,246.4,38.3,132.93,661.03,22205,4.2,0.0
2024-07-08,TRUCK-020,DRIVER-026,Houston,Atlanta,203.6,53.81,206.4,454.69,25565,4.5,0.0
2024-07-09,TRUCK-009,DRIVER-012,New York,Dallas,389.0,53.09,174.57,748.74,24583,9.6,0.0
2024-07-09,TRUCK-010,DRIVER-015,Miami,Denver,218.3,31.87,110.06,517.43,22267,4.2,0.0
2024-07-10,TRUCK-020,DRIVER-006,Houston,Seattle,311.5,80.91,331.23,804.93,29094,4.4,0.0
2024-07-11,TRUCK-004,DRIVER-013,Atlanta,Atlanta,515.5,90.16,305.54,1418.04,28106,9.7,0.0
2024-07-12,TRUCK-019,DRIVER-006,Miami,Atlanta,289.0,58.41,213.42,692.83,33498,5.3,0.0
2024-07-12,TRUCK-020,DRIVER-029,Seattle,Houston,331.7,70.54,236.21,695.26,34827,5.5,0.0
2024-07-13,TRUCK-013,DRIVER-016,Chicago,Phoenix,335.9,48.3,172.7,653.47,20134,9.3,0.0
2024-07-14,TRUCK-001,DRIVER-027,Phoenix,Dallas,242.0,30.28,117.34,584.47,32085,3.9,0.0
2024-07-15,TRUCK-014,DRIVER-011,Seattle,New York,397.8,67.44,229.71,847.68,21070,9.7,0.0
2024-07-15,TRUCK-009,DRIVER-008,Denver,Chicago,399.9,63.38,254.38,960.89,27692,7.0,87.08
2024-07-16,TRUCK-011,DRIVER-011,Miami,Phoenix,170.8,24.97,83.25,481.65,22534,2.5,0.0
2024-07-17,TRUCK-001,DRIVER-019,Dallas,Denver,448.8,57.04,225.42,1095.57,19961,10.2,0.0
2024-07-17,TRUCK-010,DRIVER-025,New York,New York,85.5,12.35,49.54,178.45,24373,1.5,0.0
2024-07-18,TRUCK-010,DRIVER-006,Dallas,Dallas,209.9,35.67,139.43,451.29,26541,6.3,0.0
2024-07-19,TRUCK-017,DRIVER-009,Los Angeles,New York,249.0,51.44,190.17,557.02,27778,5.4,0.0
2024-07-20,TRUCK-013,DRIVER-001,Atlanta,Houston,397.6,54.95,188.96,902.2,30594,5.4,0.0
2024-07-20,TRUCK-010,DRIVER-019,Miami,Phoenix,158.2,22.67,84.19,323.2,30107,2.1,0.0
2024-07-21,TRUCK-001,DRIVER-018,Chicago,Dallas,487.1,60.05,212.15,1187.11,36181,7.1,145.13
2024-07-22,TRUCK-016,DRIVER-026,Atlanta,New York,207.5,30.94,109.11,437.15,26459,4.1,0.0
2024-07-23,TRUCK-017,DRIVER-029,Los Angeles,Houston,402.8,59.61,210.04,1147.2,26403,5.5,0.0
2024-07-23,TRUCK-016,DRIVER-029,Dallas,Dallas,265.5,42.27,161.33,429.23,21000,4.9,0.0
2024-07-24,TRUCK-008,DRIVER-020,Seattle,Atlanta,166.2,25.84,101.2,400.88,24030,3.4,0.0
2024-07-25,TRUCK-015,DRIVER-008,New York,Denver,293.3,48.54,183.84,630.84,33808,5.6,0.0
2024-07-26,TRUCK-011,DRIVER-009,Chicago,Phoenix,281.7,40.12,153.62,663.91,21329,5.0,0.0
2024-07-26,TRUCK-005,DRIVER-003,Los Angeles,Dallas,83.5,12.37,49.89,210.35,32017,1.3,0.0
2024-07-27,TRUCK-009,DRIVER-003,Los Angeles,Houston,185.1,35.51,128.83,371.78,25953,2.9,0.0
2024-07-28,TRUCK-010,DRIVER-008,Seattle,Phoenix,225.1,43.8,155.44,625.17,30170,3.9,0.0
2024-07-28,TRUCK-010,DRIVER-012,Dallas,Houston,162.8,24.95,94.93,338.91,27828,3.0,0.0
2024-07-29,TRUCK-006,DRIVER-030,Los Angeles,Houston,518.8,74.91,265.69,1300.59,29491,12.3,0.0
2024-07-30,TRUCK-010,DRIVER-006,Phoenix,Denver,404.5,58.36,229.27,1017.54,28697,6.4,0.0
2024-07-31,TRUCK-008,DRIVER-006,Seattle,Phoenix,335.0,63.83,240.87,722.79,25340,8.2,0.0
2024-07-31,TRUCK-007,DRIVER-016,Denver,Houston,253.1,36.07,128.9,580.55,24934,4.8,0.0
2024-08-01,TRUCK-016,DRIVER-019,Miami,Los Angeles,198.3,31.46,117.66,436.91,28110,2.9,0.0
2024-08-02,TRUCK-015,DRIVER-029,Houston,Dallas,279.5,42.98,159.8,693.51,25724,5.1,0.0
2024-08-03,TRUCK-011,DRIVER-023,Phoenix,Chicago,216.1,31.65,131.78,627.98,26838,6.4,0.0
2024-08-03,TRUCK-019,DRIVER-006,Seattle,Chicago,269.9,89.97,334.65,713.5,29691,5.2,0.0
2024-08-04,TRUCK-011,DRIVER-009,Miami,Houston,300.1,54.78,220.68,788.52,33042,5.1,0.0
2024-08-05,TRUCK-001,DRIVER-029,Chicago,Denver,356.3,50.21,213.22,735.44,24104,8.4,0.0
2024-08-05,TRUCK-020,DRIVER-013,Chicago,Los Angeles,304.4,60.91,189.9,653.2,27223,4.7,67.46
2024-08-06,TRUCK-012,DRIVER-030,Atlanta,Denver,253.4,39.73,148.23,530.13,19347,4.1,0.0
2024-08-07,TRUCK-015,DRIVER-009,Dallas,Dallas,198.7,25.83,98.45,460.52,26443,3.6,0.0
2024-08-08,TRUCK-014,DRIVER-018,New York,Houston,248.4,39.16,144.82,493.91,24116,6.3,0.0
2024-08-08,TRUCK-010,DRIVER-025,Phoenix,Phoenix,288.8,49.1,188.2,651.97,16489,5.7,0.0
2024-08-09,TRUCK-014,DRIVER-013,Denver,Los Angeles,174.3,25.02,84.96,312.92,29255,2.5,0.0
2024-08-10,TRUCK-006,DRIVER-001,New York,Houston,229.4,31.4,118.68,508.14,19071,7.2,0.0
2024-08-11,TRUCK-016,DRIVER-015,New York,New York,321.8,49.38,171.86,790.42,32584,5.5,0.0
2024-08-11,TRUCK-018,DRIVER-028,New York,Seattle,510.6,82.55,347.57,1253.7,23634,7.8,0.0
2024-08-12,TRUCK-004,DRIVER-013,Seattle,Houston,343.4,78.07,293.59,934.23,23681,5.3,0.0
2024-08-13,TRUCK-008,DRIVER-028,Los Angeles,Dallas,447.7,80.44,306.0,835.37,21961,9.0,0.0
2024-08-14,TRUCK-006,DRIVER-003,Houston,Dallas,306.7,44.74,163.86,583.25,23476,4.9,0.0
2024-08-14,TRUCK-005,DRIVER-026,Denver,New York,352.0,61.56,220.36,708.61,32470,5.8,0.0
2024-08-15,TRUCK-010,DRIVER-001,Atlanta,Atlanta,353.5,47.24,169.61,852.04,20001,7.5,0.0
2024-08-16,TRUCK-014,DRIVER-005,Atlanta,Seattle,370.1,55.7,214.85,1009.63,29323,5.3,0.0
2024-08-16,TRUCK-017,DRIVER-018,Los Angeles,Los Angeles,336.0,50.64,208.39,653.38,25657,6.6,0.0
2024-08-17,TRUCK-015,DRIVER-020,Atlanta,Seattle,302.1,41.91,150.33,679.98,30998,5.7,0.0
2024-08-18,TRUCK-003,DRIVER-013,Seattle,Seattle,222.3,31.51,114.77,340.85,29405,3.1,0.0
2024-08-19,TRUCK-019,DRIVER-029,Los Angeles,Los Angeles,246.5,50.96,181.78,619.93,17828,5.5,0.0
2024-08-19,TRUCK-019,DRIVER-017,Los Angeles,Dallas,453.4,97.29,347.74,828.95,31042,6.3,0.0
2024-08-20,TRUCK-006,DRIVER-022,Houston,Atlanta,387.4,73.0,276.69,1215.02,29380,5.6,0.0
2024-08-21,TRUCK-003,DRIVER-012,Phoenix,Phoenix,257.1,44.01,165.23,599.26,28202,4.8,4.85
2024-08-22,TRUCK-016,DRIVER-002,Dallas,Houston,198.3,27.34,98.12,307.71,26321,3.2,0.0
2024-08-22,TRUCK-019,DRIVER-020,New York,Denver,205.1,34.48,137.35,444.51,30678,4.7,0.0
2024-08-23,TRUCK-002,DRIVER-022,Los Angeles,Atlanta,247.1,35.53,144.1,533.59,26741,5.2,0.0
2024-08-24,TRUCK-014,DRIVER-016,New York,Denver,163.2,20.17,80.23,373.17,20438,2.9,0.0
2024-08-24,TRUCK-008,DRIVER-017,Phoenix,New York,373.2,55.45,185.0,714.39,29071,7.8,3.93
2024-08-25,TRUCK-005,DRIVER-028,New York,Houston,451.6,64.69,243.75,982.64,28388,7.2,0.0
2024-08-26,TRUCK-009,DRIVER-005,Atlanta,Atlanta,242.5,39.35,132.75,556.42,27080,5.2,0.0
2024-08-27,TRUCK-015,DRIVER-015,Atlanta,Atlanta,290.6,38.44,131.78,511.81,19078,5.1,0.0
2024-08-27,TRUCK-016,DRIVER-029,Miami,Atlanta,423.4,65.66,237.1,759.77,20650,8.7,56.85
2024-08-28,TRUCK-017,DRIVER-006,Miami,Chicago,483.7,90.32,334.74,1157.37,25295,8.1,0.0
2024-08-29,TRUCK-013,DRIVER-015,Dallas,Atlanta,228.0,38.7,160.13,518.47,18880,3.7,0.0
2024-08-30,TRUCK-016,DRIVER-018,Atlanta,Dallas,288.4,46.02,183.07,634.57,19654,7.8,0.0
2024-08-30,TRUCK-014,DRIVER-016,Denver,Houston,209.7,35.34,136.63,342.98,17428,3.6,0.0
2024-08-31,TRUCK-011,DRIVER-029,Seattle,Dallas,212.3,37.86,120.61,428.41,23641,4.3,75.93
2024-09-01,TRUCK-007,DRIVER-006,Phoenix,Houston,377.5,54.38,207.1,816.57,23016,7.2,0.0
2024-09-02,TRUCK-006,DRIVER-005,Houston,Denver,365.5,59.7,258.97,481.5,26690,7.0,0.0
2024-09-02,TRUCK-010,DRIVER-022,Phoenix,Miami,290.6,42.51,150.22,783.86,19641,5.5,0.0
2024-09-03,TRUCK-011,DRIVER-027,Seattle,Seattle,448.5,71.12,225.13,794.62,27218,10.3,0.0
2024-09-04,TRUCK-015,DRIVER-024,Seattle,Houston,385.2,59.31,215.69,912.57,20798,7.3,54.19
2024-09-04,TRUCK-020,DRIVER-022,New York,New York,242.1,55.4,216.54,501.41,20476,5.3,0.0
2024-09-05,TRUCK-010,DRIVER-016,Miami,Seattle,284.2,43.86,169.23,706.22,21617,4.4,44.38
2024-09-06,TRUCK-013,DRIVER-015,Phoenix,New York,288.0,44.22,166.45,575.81,25198,6.6,0.0
2024-09-07,TRUCK-012,DRIVER-004,Los Angeles,Phoenix,183.8,29.4,105.09,344.89,15073,3.8,0.0
2024-09-07,TRUCK-016,DRIVER-029,Dallas,Denver,421.3,76.62,294.28,1024.53,27509,5.7,0.0
2024-09-08,TRUCK-005,DRIVER-004,Chicago,Miami,239.3,34.87,126.75,480.35,24609,4.4,0.0
2024-09-09,TRUCK-013,DRIVER-015,Denver,Seattle,407.9,67.57,231.53,741.61,22654,10.0,0.0
2024-09-10,TRUCK-015,DRIVER-005,Denver,New York,256.1,37.76,132.58,586.2,21099,3.7,0.0
2024-09-10,TRUCK-012,DRIVER-021,Chicago,Denver,389.3,48.88,178.31,972.97,35572,8.6,0.0
2024-09-11,TRUCK-016,DRIVER-011,New York,Los Angeles,287.9,44.09,146.93,594.19,20238,6.0,0.0
2024-09-12,TRUCK-002,DRIVER-018,Dallas,Dallas,328.4,33.51,124.52,705.98,29508,4.6,0.0
2024-09-13,TRUCK-016,DRIVER-010,Phoenix,Atlanta,199.4,32.03,119.89,422.67,31853,3.2,0.0
2024-09-13,TRUCK-005,DRIVER-027,Seattle,Chicago,183.5,26.26,100.92,368.31,26836,4.3,0.0
2024-09-14,TRUCK-009,DRIVER-020,New York,Chicago,268.3,41.4,153.31,573.52,32216,8.1,0.0
2024-09-15,TRUCK-002,DRIVER-024,Los Angeles,Houston,321.9,40.95,170.16,944.13,31082,5.7,0.0
2024-09-15,TRUCK-002,DRIVER-004,Miami,Denver,282.7,33.59,129.66,563.57,17039,4.4,0.0
2024-09-16,TRUCK-020,DRIVER-008,Dallas,New York,288.4,60.7,237.52,534.13,30825,6.8,0.0
2024-09-17,TRUCK-007,DRIVER-012,Chicago,Los Angeles,320.2,50.77,189.46,809.8,23922,6.9,0.0
2024-09-18,TRUCK-014,DRIVER-027,Denver,Dallas,208.4,27.47,111.07,478.63,25616,3.2,0.0
2024-09-18,TRUCK-002,DRIVER-020,New York,New York,143.9,15.98,58.6,313.01,24842,2.5,0.0
2024-09-19,TRUCK-016,DRIVER-029,Denver,Miami,243.8,33.34,118.23,409.25,33291,3.9,0.0
2024-09-20,TRUCK-003,DRIVER-007,Denver,Dallas,221.1,32.63,109.48,533.9,33806,4.0,0.0
2024-09-21,TRUCK-013,DRIVER-013,Miami,Dallas,412.5,58.22,217.16,646.31,26401,10.3,0.0
2024-09-21,TRUCK-019,DRIVER-019,New York,Dallas,555.5,137.62,486.72,1266.38,30902,7.1,0.0
2024-09-22,TRUCK-010,DRIVER-010,Atlanta,Dallas,497.1,76.66,271.42,930.65,26725,7.3,0.0
2024-09-23,TRUCK-007,DRIVER-014,Dallas,Los Angeles,248.1,30.14,117.53,478.29,33637,4.3,0.0
2024-09-23,TRUCK-013,DRIVER-011,Atlanta,New York,376.6,51.53,209.01,692.53,13719,8.7,0.0
2024-09-24,TRUCK-013,DRIVER-022,Dallas,Atlanta,321.8,56.29,209.85,762.15,18747,5.8,0.0
2024-09-25,TRUCK-017,DRIVER-026,Miami,New York,330.8,51.08,181.21,1001.17,32908,6.7,0.0
2024-09-26,TRUCK-017,DRIVER-006,Denver,Atlanta,292.3,52.72,216.81,842.43,23601,6.4,0.0
2024-09-26,TRUCK-017,DRIVER-008,Phoenix,Dallas,450.1,62.28,221.57,971.48,26363,12.4,0.0
2024-09-27,TRUCK-014,DRIVER-027,Denver,Los Angeles,273.0,43.55,165.04,711.69,27528,3.9,0.0
2024-09-28,TRUCK-011,DRIVER-026,Houston,New York,160.8,28.26,110.17,304.55,20084,4.1,0.0
2024-09-29,TRUCK-019,DRIVER-001,Houston,Los Angeles,563.4,113.23,429.89,1360.74,27643,8.3,0.0
2024-09-29,TRUCK-012,DRIVER-020,New York,Los Angeles,241.0,33.59,124.49,452.02,24113,5.8,0.0
2024-09-30,TRUCK-001,DRIVER-004,Atlanta,Chicago,257.4,31.48,107.24,554.96,26263,3.7,0.0
2024-10-01,TRUCK-006,DRIVER-028,Dallas,New York,56.6,10.69,39.8,129.71,22954,1.0,0.0
2024-10-02,TRUCK-005,DRIVER-007,Houston,New York,440.0,63.38,213.19,1010.46,18918,8.3,0.0
2024-10-02,TRUCK-015,DRIVER-026,Denver,Denver,133.5,17.48,64.06,327.27,30278,1.6,0.0
2024-10-03,TRUCK-009,DRIVER-001,Houston,Phoenix,354.7,54.11,231.37,872.11,22727,6.7,0.0
2024-10-04,TRUCK-017,DRIVER-023,Miami,Los Angeles,364.5,51.37,180.78,883.86,29889,10.7,0.21
2024-10-04,TRUCK-019,DRIVER-028,Atlanta,Denver,414.8,104.55,438.61,787.26,25552,6.9,0.0
2024-10-05,TRUCK-016,DRIVER-010,New York,Chicago,297.5,52.34,179.75,722.1,30577,6.2,0.0
2024-10-06,TRUCK-015,DRIVER-012,Phoenix,Seattle,418.1,69.7,262.16,948.14,31829,6.7,0.0
2024-10-07,TRUCK-019,DRIVER-019,Denver,Atlanta,422.1,109.67,458.21,691.51,22247,5.6,0.0
2024-10-07,TRUCK-016,DRIVER-026,Phoenix,Los Angeles,428.2,61.11,236.95,1207.82,31840,9.9,0.0
2024-10-08,TRUCK-013,DRIVER-023,Chicago,Phoenix,449.7,56.32,209.73,816.88,31023,9.2,0.0
2024-10-09,TRUCK-006,DRIVER-008,Atlanta,New York,418.4,71.6,245.23,886.67,27947,8.0,59.21
2024-10-10,TRUCK-002,DRIVER-023,Los Angeles,Dallas,116.0,14.92,58.34,265.98,20553,1.7,0.0
2024-10-10,TRUCK-003,DRIVER-002,Dallas,New York,296.2,45.29,180.44,685.58,32794,5.9,0.0
2024-10-11,TRUCK-001,DRIVER-018,Chicago,Seattle,205.6,27.74,107.61,421.72,35624,3.0,0.0
2024-10-12,TRUCK-009,DRIVER-020,Seattle,Denver,307.1,56.2,200.96,592.34,31685,4.6,0.0
2024-10-13,TRUCK-004,DRIVER-005,Denver,Chicago,213.5,38.6,161.84,517.15,25306,3.8,66.57
2024-10-13,TRUCK-009,DRIVER-029,Houston,Denver,333.6,52.8,187.14,666.67,35249,6.1,0.0
2024-10-14,TRUCK-009,DRIVER-008,New York,Los Angeles,222.0,30.14,102.86,467.27,24105,3.8,0.0
2024-10-15,TRUCK-018,DRIVER-023,Miami,Dallas,259.8,40.75,172.44,489.35,21564,7.0,0.0
2024-10-15,TRUCK-005,DRIVER-016,Phoenix,Seattle,249.9,46.57,164.93,506.37,31707,5.2,0.0
2024-10-16,TRUCK-014,DRIVER-008,Dallas,Phoenix,149.2,26.76,100.2,297.61,25908,3.1,0.0
2024-10-17,TRUCK-017,DRIVER-025,Miami,Phoenix,378.3,61.46,236.74,924.07,23028,7.1,0.0
2024-10-18,TRUCK-011,DRIVER-006,Dallas,Houston,195.4,29.95,119.72,397.51,26248,4.0,0.0
2024-10-18,TRUCK-008,DRIVER-013,Atlanta,Phoenix,260.7,36.97,144.46,640.48,19285,4.1,0.0
2024-10-19,TRUCK-013,DRIVER-012,New York,Seattle,307.3,48.17,194.99,682.46,27696,4.7,0.0
2024-10-20,TRUCK-004,DRIVER-016,Dallas,Denver,126.1,17.85,73.41,278.65,24248,2.0,0.0
2024-10-21,TRUCK-016,DRIVER-023,Chicago,Chicago,202.2,26.51,101.82,497.92,19603,4.7,21.52
2024-10-21,TRUCK-018,DRIVER-029,Denver,Atlanta,161.5,22.63,90.5,322.05,25944,4.2,0.0
2024-10-22,TRUCK-018,DRIVER-006,Phoenix,Miami,401.3,62.96,287.14,1226.97,11904,9.8,0.0
2024-10-23,TRUCK-020,DRIVER-026,Atlanta,Atlanta,439.9,103.65,401.9,915.19,26012,7.3,0.0
2024-10-23,TRUCK-017,DRIVER-009,Los Angeles,Phoenix,299.7,45.99,169.85,739.4,30656,5.5,0.0
2024-10-24,TRUCK-011,DRIVER-001,Atlanta,Phoenix,228.5,33.04,126.55,527.64,19676,4.9,68.13
2024-10-25,TRUCK-001,DRIVER-013,Atlanta,Los Angeles,241.4,29.94,121.65,505.29,29804,4.0,0.0
2024-10-26,TRUCK-018,DRIVER-010,New York,Phoenix,278.8,36.19,135.61,656.12,29548,5.8,0.0
2024-10-26,TRUCK-017,DRIVER-020,Phoenix,Miami,202.5,26.84,105.12,416.36,25578,4.6,0.0
2024-10-27,TRUCK-003,DRIVER-001,Chicago,New York,210.1,42.9,163.72,597.18,29545,3.5,0.0
2024-10-28,TRUCK-003,DRIVER-029,Miami,Los Angeles,210.9,31.21,120.84,439.95,24538,5.0,0.0
2024-10-29,TRUCK-016,DRIVER-001,Denver,Houston,325.7,51.64,193.75,695.75,23292,5.9,0.0
2024-10-29,TRUCK-007,DRIVER-004,New York,Dallas,236.1,40.79,144.28,410.31,20329,3.9,0.0
2024-10-30,TRUCK-012,DRIVER-021,Houston,Miami,365.5,51.13,179.03,876.12,21833,5.9,0.0
2024-10-31,TRUCK-013,DRIVER-025,Los Angeles,Chicago,261.7,40.89,149.26,480.41,23001,4.5,0.0
2024-11-01,TRUCK-016,DRIVER-002,Atlanta,Seattle,233.0,31.33,108.26,563.98,33315,4.1,0.0
2024-11-01,TRUCK-018,DRIVER-026,Chicago,Denver,489.0,69.4,263.53,1215.31,17150,8.4,0.0
2024-11-02,TRUCK-019,DRIVER-009,Atlanta,Chicago,221.9,59.48,240.66,629.19,13509,4.5,0.0
2024-11-03,TRUCK-013,DRIVER-005,Los Angeles,Miami,429.6,76.52,279.96,943.86,26074,10.5,0.0
2024-11-03,TRUCK-001,DRIVER-017,Atlanta,Los Angeles,299.3,39.24,143.5,597.11,34378,4.2,0.0
2024-11-04,TRUCK-018,DRIVER-016,Denver,Los Angeles,314.0,43.03,146.41,723.81,18546,5.3,0.0
2024-11-05,TRUCK-004,DRIVER-019,Houston,Denver,395.0,59.0,198.66,861.62,34767,7.4,0.0
2024-11-06,TRUCK-017,DRIVER-017,Atlanta,Atlanta,242.4,57.99,227.59,523.97,30610,5.3,0.0
2024-11-06,TRUCK-003,DRIVER-022,Atlanta,Atlanta,133.6,18.21,65.7,303.23,31717,3.6,0.0
2024-11-07,TRUCK-006,DRIVER-026,New York,Atlanta,186.5,27.06,103.49,525.32,24417,2.6,0.0
2024-11-08,TRUCK-020,DRIVER-017,Houston,Atlanta,63.5,12.41,50.33,153.0,19931,1.0,0.0
2024-11-09,TRUCK-016,DRIVER-027,Dallas,New York,396.0,57.65,199.18,914.94,29438,6.3,0.0
2024-11-09,TRUCK-016,DRIVER-004,Miami,Chicago,340.2,53.5,192.04,1201.04,30040,6.9,0.0
2024-11-10,TRUCK-019,DRIVER-021,Los Angeles,New York,324.2,93.36,318.51,773.49,23355,5.5,0.0
2024-11-11,TRUCK-005,DRIVER-017,Houston,Los Angeles,331.4,41.58,143.8,806.15,28406,5.5,0.0
2024-11-11,TRUCK-010,DRIVER-014,Chicago,Seattle,226.8,28.31,106.51,571.42,27900,3.8,0.0
2024-11-12,TRUCK-007,DRIVER-004,Chicago,Los Angeles,185.0,27.29,112.3,319.34,20828,3.0,0.0
2024-11-13,TRUCK-011,DRIVER-011,Los Angeles,Denver,436.3,55.84,253.41,810.03,27766,8.8,0.0
2024-11-14,TRUCK-010,DRIVER-021,Chicago,New York,492.3,83.73,278.62,1026.57,23772,7.7,0.0
2024-11-14,TRUCK-006,DRIVER-030,Houston,Miami,315.4,47.68,188.93,660.56,33217,5.4,0.0
2024-11-15,TRUCK-010,DRIVER-007,Phoenix,Atlanta,181.6,24.2,87.31,355.74,21198,3.4,0.0
2024-11-16,TRUCK-012,DRIVER-010,Houston,Seattle,228.5,38.01,157.49,516.41,30888,4.3,0.0
2024-11-17,TRUCK-001,DRIVER-018,Phoenix,Phoenix,458.3,69.01,252.12,1176.69,23618,9.8,72.75
2024-11-17,TRUCK-011,DRIVER-025,Denver,Houston,318.6,43.36,142.79,732.58,21357,4.2,0.0
2024-11-18,TRUCK-016,DRIVER-025,Los Angeles,Houston,351.7,55.62,208.28,706.52,16921,6.1,0.0
2024-11-19,TRUCK-008,DRIVER-022,Chicago,Los Angeles,370.1,42.29,157.47,883.6,30334,7.1,0.0
2024-11-20,TRUCK-008,DRIVER-011,Houston,Denver,377.4,53.88,203.87,687.0,20245,6.5,0.0
2024-11-20,TRUCK-010,DRIVER-015,Denver,Los Angeles,505.0,80.52,269.5,998.46,18823,10.2,0.0
2024-11-21,TRUCK-005,DRIVER-007,Phoenix,New York,298.7,45.26,165.52,504.47,24315,5.1,0.0
2024-11-22,TRUCK-008,DRIVER-005,Atlanta,Seattle,263.6,40.31,150.58,546.57,29298,4.7,0.0
2024-11-22,TRUCK-003,DRIVER-001,New York,Phoenix,190.1,24.9,92.66,442.55,28349,3.3,0.0
2024-11-23,TRUCK-011,DRIVER-019,Houston,Miami,364.9,51.05,189.37,741.29,31061,7.3,0.0
2024-11-24,TRUCK-018,DRIVER-014,Denver,Seattle,329.4,42.06,144.21,841.97,23096,6.6,0.0
2024-11-25,TRUCK-016,DRIVER-026,Atlanta,Phoenix,285.5,45.72,156.93,632.49,29789,5.0,0.0
2024-11-25,TRUCK-017,DRIVER-004,New York,New York,410.4,68.2,252.22,866.02,23591,7.3,0.0
2024-11-26,TRUCK-008,DRIVER-026,Seattle,Denver,315.0,63.9,237.92,835.52,24247,5.4,0.0
2024-11-27,TRUCK-003,DRIVER-017,New York,Los Angeles,248.5,37.12,138.64,657.27,29951,4.7,0.0
2024-11-28,TRUCK-020,DRIVER-030,Chicago,Denver,113.8,24.53,99.01,252.16,29932,2.4,0.0
2024-11-28,TRUCK-007,DRIVER-009,New York,Los Angeles,414.2,67.38,252.39,902.21,16847,8.0,0.0
2024-11-29,TRUCK-019,DRIVER-030,Los Angeles,Atlanta,193.4,42.05,158.86,460.67,24511,4.4,0.0
2024-11-30,TRUCK-006,DRIVER-024,Atlanta,Atlanta,119.5,19.27,67.59,275.46,29481,2.2,0.0
2024-12-01,TRUCK-016,DRIVER-028,Los Angeles,Phoenix,301.1,43.33,143.62,638.32,14958,5.8,0.0
2024-12-01,TRUCK-019,DRIVER-023,Denver,Denver,311.1,76.82,297.58,389.09,34117,5.9,0.0
2024-12-02,TRUCK-013,DRIVER-024,New York,Miami,413.8,68.65,267.56,955.42,23398,7.5,0.0
2024-12-03,TRUCK-004,DRIVER-008,Denver,Miami,220.7,31.31,120.9,472.8,22412,4.2,0.0
2024-12-03,TRUCK-010,DRIVER-015,Seattle,Phoenix,428.7,71.3,260.31,794.82,25887,12.6,0.0
2024-12-04,TRUCK-013,DRIVER-015,New York,Miami,241.0,34.14,128.25,412.11,27465,4.4,0.0
2024-12-05,TRUCK-018,DRIVER-030,Chicago,New York,385.7,56.85,208.81,653.94,20106,7.4,0.0
2024-12-06,TRUCK-009,DRIVER-004,New York,Denver,261.9,37.75,134.5,475.04,28605,5.1,0.0
2024-12-06,TRUCK-014,DRIVER-001,New York,Seattle,187.9,25.94,96.41,388.28,25426,2.6,0.0
2024-12-07,TRUCK-015,DRIVER-019,New York,New York,329.0,50.33,198.52,612.32,22712,5.8,0.0
2024-12-08,TRUCK-019,DRIVER-022,Miami,Houston,350.9,83.42,281.89,763.84,17408,6.5,0.0
2024-12-09,TRUCK-002,DRIVER-005,Houston,Seattle,261.8,36.08,128.57,526.72,22074,6.1,0.0
2024-12-09,TRUCK-004,DRIVER-016,Miami,Dallas,277.6,37.93,124.99,574.53,25222,7.4,0.0
2024-12-10,TRUCK-004,DRIVER-002,Seattle,Denver,190.7,27.64,108.1,343.89,21910,3.8,0.0
2024-12-11,TRUCK-015,DRIVER-022,Dallas,Dallas,414.0,48.71,155.04,797.63,25653,10.9,0.0
2024-12-11,TRUCK-010,DRIVER-009,Denver,Seattle,332.4,39.94,130.15,738.32,24614,6.8,0.0
2024-12-12,TRUCK-007,DRIVER-022,Denver,Seattle,239.7,35.49,138.85,588.14,22342,4.4,0.0
2024-12-13,TRUCK-017,DRIVER-006,Miami,Los Angeles,240.3,29.39,106.34,543.48,24988,3.6,0.0
2024-12-14,TRUCK-015,DRIVER-022,Miami,Dallas,340.3,57.86,209.72,818.01,40463,8.4,0.0
2024-12-14,TRUCK-016,DRIVER-024,Houston,Houston,329.5,56.05,212.4,761.76,21963,6.5,0.0
2024-12-15,TRUCK-006,DRIVER-016,Dallas,Seattle,416.9,67.57,252.57,1008.03,23809,9.8,0.0
2024-12-16,TRUCK-020,DRIVER-003,Dallas,New York,126.1,34.0,133.88,299.47,28798,2.0,0.0
2024-12-17,TRUCK-019,DRIVER-006,Houston,Chicago,420.4,87.13,324.21,1113.46,26310,11.8,179.8
2024-12-17,TRUCK-017,DRIVER-026,Phoenix,Los Angeles,357.3,50.45,175.75,941.91,26752,7.7,45.53
2024-12-18,TRUCK-020,DRIVER-026,Houston,Miami,299.5,61.8,237.79,737.76,26554,7.6,0.0
2024-12-19,TRUCK-008,DRIVER-015,Houston,Houston,278.7,37.45,146.03,429.75,18631,4.8,0.0
2024-12-20,TRUCK-005,DRIVER-014,Los Angeles,Atlanta,312.4,52.07,196.52,638.04,16098,5.3,0.0
2024-12-20,TRUCK-013,DRIVER-007,Houston,Denver,418.9,52.49,207.91,1112.91,29921,9.5,0.0
2024-12-21,TRUCK-009,DRIVER-002,Houston,Houston,185.4,26.97,113.73,497.72,30337,3.1,0.0
2024-12-22,TRUCK-020,DRIVER-001,Los Angeles,Denver,253.9,49.25,167.51,664.88,28280,4.1,0.0
2024-12-22,TRUCK-012,DRIVER-019,Miami,Seattle,297.7,49.67,194.53,590.11,30127,5.9,0.0
2024-12-23,TRUCK-004,DRIVER-023,New York,New York,83.0,14.98,52.57,147.52,23930,1.4,0.0
2024-12-24,TRUCK-005,DRIVER-028,Atlanta,Phoenix,167.5,24.15,102.1,404.65,29172,4.6,0.0
2024-12-25,TRUCK-019,DRIVER-020,Los Angeles,Los Angeles,258.3,53.52,205.37,499.92,20727,4.6,0.0
2024-12-25,TRUCK-018,DRIVER-012,New York,New York,434.7,79.16,335.89,1041.16,27114,15.9,0.0
2024-12-26,TRUCK-014,DRIVER-001,Dallas,Houston,194.8,32.05,120.07,423.78,19546,3.1,0.0
2024-12-27,TRUCK-019,DRIVER-029,New York,New York,350.5,82.71,305.75,949.63,25676,7.4,29.83
2024-12-28,TRUCK-011,DRIVER-004,Chicago,Seattle,313.2,48.88,172.46,798.09,22760,7.0,0.0
2024-12-28,TRUCK-010,DRIVER-012,New York,Dallas,292.1,46.66,163.24,693.95,33145,7.5,0.0
2024-12-29,TRUCK-013,DRIVER-020,Los Angeles,Phoenix,381.9,57.63,241.05,747.63,32261,6.9,0.0
2024-12-30,TRUCK-013,DRIVER-025,Seattle,Houston,240.4,38.39,151.73,491.64,17699,6.5,0.0
2024-12-31,TRUCK-019,DRIVER-002,Chicago,Los Angeles,243.4,46.66,177.43,463.7,33880,4.8,0.0
